Row,Gene 1,Uses PCA,Cost Function,gamma (Mean),gamma (95% CI)_1,gamma (95% CI)_2,alpha (Mean),alpha (95% CI)_1,alpha (95% CI)_2,beta (Mean),beta (95% CI)_1,beta (95% CI)_2,s (Mean),s (95% CI)_1,s (95% CI)_2,b (Mean),b (95% CI)_1,b (95% CI)_2,p (Mean),p (95% CI)_1,p (95% CI)_2,"R, t = 1","R, t = 3","R, t = 6",Linear Model: Log-Likelihood,Linear Model: AIC,Linear Model: BIC,Linear Model: Intercept,Linear Model: Ordinary R^2,Linear Model: Adjusted R^2
fit_s,None,No,linr,0.263004775231778,0.263004775231778,0.263004775231778,0.453447990876977,0.453447990876977,0.453447990876977,6.98334236482337,6.98334236482337,6.98334236482337,0.731709261949938,0.731709261949938,0.731709261949938,0,0,0,0,0,0,0.425744044204482,0.591077911334476,0.648830010430338,691.55025540604,-1373.10051081208,-1354.48258530232,0.00431989928411844,0.351683345098879,0.349550724523547
ret,None,No,linr,0.231578127311869,0.231578127311869,0.231578127311869,0.403213964129124,0.403213964129124,0.403213964129124,5.11026840213644,5.11026840213644,5.11026840213644,1,1,1,0,0,0,0,0,0,0.392774647052449,0.522840062960057,0.559728639752359,679.492387218371,-1350.98477443674,-1336.09043402893,0.00758397859428582,0.298522490837391,0.296214999030935
ant,None,No,linr,0.31071376361492,0.31071376361492,0.31071376361492,0.308119727675895,0.308119727675895,0.308119727675895,5.69132970979507,5.69132970979507,5.69132970979507,0,0,0,0,0,0,0,0,0,0.395750644085648,0.470541029293549,0.317559973568166,650.464564064662,-1292.92912812932,-1278.03478772151,0.0129828706750842,0.151972408591338,0.149182844145915
nd,None,No,linr,0.287125947179475,0.287125947179475,0.287125947179475,0.456036615969676,0.456036615969676,0.456036615969676,8.01183337448171,8.01183337448171,8.01183337448171,0.5,0.5,0.5,0,0,0,0,0,0,0.438004368048691,0.59809486653655,0.59375623600143,685.602959811708,-1363.20591962342,-1348.31157921561,0.00473340783104832,0.325986287945317,0.323769137576716
