Row,Gene 1,Uses PCA,Cost Function,gamma (Mean),gamma (95% CI)_1,gamma (95% CI)_2,alpha (Mean),alpha (95% CI)_1,alpha (95% CI)_2,beta (Mean),beta (95% CI)_1,beta (95% CI)_2,s (Mean),s (95% CI)_1,s (95% CI)_2,b (Mean),b (95% CI)_1,b (95% CI)_2,p (Mean),p (95% CI)_1,p (95% CI)_2,"R, t = 4","R, t = 8","R, t = 12",Linear Model: Log-Likelihood,Linear Model: AIC,Linear Model: BIC,Linear Model: Intercept,Linear Model: Ordinary R^2,Linear Model: Adjusted R^2
fit_s,None,No,linr,0.103848772581475,0.103848772581475,0.103848772581475,0.214759348701358,0.214759348701358,0.214759348701358,4.07053666086778,4.07053666086778,4.07053666086778,0.639194155408273,0.639194155408273,0.639194155408273,0,0,0,0,0,0,0.463778605245909,0.683861632875105,0.644356105257868,459.008528713384,-908.017057426768,-893.603047813836,0.00387605923655028,0.44619988443202,0.441939883543035
ret,None,No,linr,0.0914455063941158,0.0914455063941158,0.0914455063941158,0.19457615985115,0.19457615985115,0.19457615985115,3.15783300323133,3.15783300323133,3.15783300323133,1,1,1,0,0,0,0,0,0,0.45724042580988,0.58126227809979,0.446093626538375,444.600576920526,-881.201153841053,-869.669946150707,0.00640940638936632,0.311093113231186,0.30579382948681
ant,None,No,linr,0.0300794571477449,0.0300794571477449,0.0300794571477449,0.227530590830251,0.227530590830251,0.227530590830251,3.93389788619061,3.93389788619061,3.93389788619061,0,0,0,0,0,0,0,0,0,0.296330035287215,0.2777023337203,0.355628354553757,427.844776246068,-847.689552492136,-836.158344801791,0.0101428761354052,0.111990991981904,0.105160153458688
nd,None,No,linr,0.0904372632276143,0.0904372632276143,0.0904372632276143,0.228789554776569,0.228789554776569,0.228789554776569,4.15860283877983,4.15860283877983,4.15860283877983,0.5,0.5,0.5,0,0,0,0,0,0,0.441255752602663,0.657824826674114,0.607921965095349,455.562844012971,-903.125688025943,-891.594480335597,0.00456762607958626,0.416519423436131,0.412031111308717
