Row,Gene 1,Uses PCA,Cost Function,gamma (Mean),gamma (95% CI)_1,gamma (95% CI)_2,alpha (Mean),alpha (95% CI)_1,alpha (95% CI)_2,beta (Mean),beta (95% CI)_1,beta (95% CI)_2,s (Mean),s (95% CI)_1,s (95% CI)_2,b (Mean),b (95% CI)_1,b (95% CI)_2,p (Mean),p (95% CI)_1,p (95% CI)_2,"R, t = 4","R, t = 8","R, t = 12",Linear Model: Log-Likelihood,Linear Model: AIC,Linear Model: BIC,Linear Model: Intercept,Linear Model: Ordinary R^2,Linear Model: Adjusted R^2
fit_s,None,No,linr,0.160953711773597,0.160953711773597,0.160953711773597,0.23098159742616,0.23098159742616,0.23098159742616,3.06544969230546,3.06544969230546,3.06544969230546,0.527542267612413,0.527542267612413,0.527542267612413,0,0,0,0,0,0,0.20406198559682,0.673104392809805,0.631591468165361,323.552654293701,-637.105308587403,-622.691298974471,0.0117711537813527,0.312756956825754,0.30747047187826
ret,None,No,linr,0.131039996595645,0.131039996595645,0.131039996595645,0.163791557662056,0.163791557662056,0.163791557662056,0.807702471630525,0.807702471630525,0.807702471630525,1,1,1,0,0,0,0,0,0,0.254709388378084,0.524807215064423,0.498257606034123,314.410855190314,-620.821710380628,-609.290502690282,0.0181493426975116,0.210657664596117,0.204585800477626
ant,None,No,linr,0.130341425461782,0.130341425461782,0.130341425461782,0.159339852180858,0.159339852180858,0.159339852180858,3.7753793257262,3.7753793257262,3.7753793257262,0,0,0,0,0,0,0,0,0,0.260872890698675,0.383642027606506,0.293333316910083,305.807626898794,-603.615253797589,-592.084046107243,0.0208618358016272,0.100758117352728,0.0938408721015955
nd,None,No,linr,0.160364259729503,0.160364259729503,0.160364259729503,0.232262415159768,0.232262415159768,0.232262415159768,3.1463503385956,3.1463503385956,3.1463503385956,0.5,0.5,0.5,0,0,0,0,0,0,0.207541105191605,0.676202994263566,0.626817548446785,323.476583774663,-638.953167549326,-627.42195985898,0.0118357149107976,0.3119643950909,0.306671813514676
