Row,Gene 1,Uses PCA,Cost Function,gamma (Mean),gamma (95% CI)_1,gamma (95% CI)_2,alpha (Mean),alpha (95% CI)_1,alpha (95% CI)_2,beta (Mean),beta (95% CI)_1,beta (95% CI)_2,s (Mean),s (95% CI)_1,s (95% CI)_2,b (Mean),b (95% CI)_1,b (95% CI)_2,p (Mean),p (95% CI)_1,p (95% CI)_2,"R, t = 4","R, t = 8","R, t = 12",Linear Model: Log-Likelihood,Linear Model: AIC,Linear Model: BIC,Linear Model: Intercept,Linear Model: Ordinary R^2,Linear Model: Adjusted R^2
fit_s,None,No,linr,0.330717951222831,0.330717951222831,0.330717951222831,0.139855958517277,0.139855958517277,0.139855958517277,2.77370249432646,2.77370249432646,2.77370249432646,0.536705643709134,0.536705643709134,0.536705643709134,0,0,0,0,0,0,0.679990161066214,0.856164214727724,0.758234265080378,349.039332335188,-688.078664670375,-673.664655057443,0.00440566976586718,0.563488695636168,0.56013091637183
ret,None,No,linr,0.308888159076956,0.308888159076956,0.308888159076956,0.0678602926821002,0.0678602926821002,0.0678602926821002,0.890356947437132,0.890356947437132,0.890356947437132,1,1,1,0,0,0,0,0,0,0.620401427405166,0.802159597155541,0.543419144552465,330.885576972527,-653.771153945054,-642.239946254709,0.0114030102565089,0.42528677795166,0.420865907012826
ant,None,No,linr,0.218611207384739,0.218611207384739,0.218611207384739,0.116673491622608,0.116673491622608,0.116673491622608,4.78911029392773,4.78911029392773,4.78911029392773,0,0,0,0,0,0,0,0,0,0.535197801593381,0.492020866568304,0.482377747933737,313.28439894158,-618.56879788316,-607.037590192814,0.0149918154696584,0.249638051783394,0.243866036797112
nd,None,No,linr,0.3281426456989,0.3281426456989,0.3281426456989,0.14336670201927,0.14336670201927,0.14336670201927,2.92487753239737,2.92487753239737,2.92487753239737,0.5,0.5,0.5,0,0,0,0,0,0,0.679581007468482,0.85010712237836,0.764162561807833,348.684080297018,-689.368160594037,-677.836952903691,0.0043543993683337,0.561132792228694,0.557756890630453
