Row,Gene 1,Uses PCA,Cost Function,gamma (Mean),gamma (95% CI)_1,gamma (95% CI)_2,alpha (Mean),alpha (95% CI)_1,alpha (95% CI)_2,beta (Mean),beta (95% CI)_1,beta (95% CI)_2,s (Mean),s (95% CI)_1,s (95% CI)_2,b (Mean),b (95% CI)_1,b (95% CI)_2,p (Mean),p (95% CI)_1,p (95% CI)_2,"R, t = 4","R, t = 6","R, t = 8",Linear Model: Log-Likelihood,Linear Model: AIC,Linear Model: BIC,Linear Model: Intercept,Linear Model: Ordinary R^2,Linear Model: Adjusted R^2
fit_s,None,No,linr,1,1,1,0.620233128361506,0.620233128361506,0.620233128361506,2.5709376617093,2.5709376617093,2.5709376617093,0.645643638514427,0.645643638514427,0.645643638514427,0,0,0,0,0,0,0.703336206344275,0.591620544261515,0.571846763962098,160.567596937585,-313.13519387517,-301.514094761417,0.0560358108846293,0.611456848712841,0.608535471635494
ret,None,No,linr,1,1,1,0.521208000688381,0.521208000688381,0.521208000688381,1.31545165723369,1.31545165723369,1.31545165723369,1,1,1,0,0,0,0,0,0,0.712654738581003,0.534901954699983,0.456954465715064,132.083950021238,-258.167900042475,-249.45207570716,0.100488380157183,0.40748025966215,0.403025224020512
ant,None,No,linr,1,1,1,0.526591796339096,0.526591796339096,0.526591796339096,0.856104430794873,0.856104430794873,0.856104430794873,0,0,0,0,0,0,0,0,0,0.602060881582333,0.401682344797375,0.314542295838192,114.386358233921,-222.772716467842,-214.056892132527,0.123728479074798,0.229861218379884,0.224070701224845
nd,None,No,linr,1,1,1,0.636873970658413,0.636873970658413,0.636873970658413,2.71445986526865,2.71445986526865,2.71445986526865,0.5,0.5,0.5,0,0,0,0,0,0,0.654615290007877,0.500451807889935,0.44740500919332,151.244652382145,-296.48930476429,-287.773480428975,0.0589998931435575,0.553909461614928,0.550555397416544
