Row,Gene 1,Uses PCA,Cost Function,gamma (Mean),gamma (95% CI)_1,gamma (95% CI)_2,alpha (Mean),alpha (95% CI)_1,alpha (95% CI)_2,beta (Mean),beta (95% CI)_1,beta (95% CI)_2,s (Mean),s (95% CI)_1,s (95% CI)_2,b (Mean),b (95% CI)_1,b (95% CI)_2,p (Mean),p (95% CI)_1,p (95% CI)_2,"R, t = 4","R, t = 8","R, t = 12",Linear Model: Log-Likelihood,Linear Model: AIC,Linear Model: BIC,Linear Model: Intercept,Linear Model: Ordinary R^2,Linear Model: Adjusted R^2
fit_s,None,No,linr,0.216647235204865,0.216647235204865,0.216647235204865,0.211670404383221,0.211670404383221,0.211670404383221,3.60721701968579,3.60721701968579,3.60721701968579,0.56258111482013,0.56258111482013,0.56258111482013,0,0,0,0,0,0,0.70168187949859,0.751353588487875,0.754286149997338,363.676374988824,-717.352749977647,-702.938740364715,0.00599302990113097,0.57583753943152,0.572574751273301
ret,None,No,linr,0.172722222617682,0.172722222617682,0.172722222617682,0.196313420229869,0.196313420229869,0.196313420229869,2.51517834138872,2.51517834138872,2.51517834138872,1,1,1,0,0,0,0,0,0,0.589352208203924,0.507530183868746,0.522213546698047,333.789582475713,-659.579164951425,-648.04795726108,0.0130020610625095,0.332895481423216,0.327763908203394
ant,None,No,linr,0.146220796957178,0.146220796957178,0.146220796957178,0.164120636135499,0.164120636135499,0.164120636135499,4.69455773287359,4.69455773287359,4.69455773287359,0,0,0,0,0,0,0,0,0,0.57473384377466,0.372782728493045,0.2798609225532,316.850116573131,-625.700233146262,-614.169025455917,0.020268505111708,0.13769821548709,0.131065124836991
nd,None,No,linr,0.211928557959437,0.211928557959437,0.211928557959437,0.215529995289356,0.215529995289356,0.215529995289356,3.7719522912704,3.7719522912704,3.7719522912704,0.5,0.5,0.5,0,0,0,0,0,0,0.701911389793937,0.753260209246092,0.738630568444892,362.258132074489,-716.516264148978,-704.985056458632,0.00637412468402631,0.566624276886231,0.563290617477664
