Row,Gene 1,Uses PCA,Cost Function,gamma (Mean),gamma (95% CI)_1,gamma (95% CI)_2,alpha (Mean),alpha (95% CI)_1,alpha (95% CI)_2,beta (Mean),beta (95% CI)_1,beta (95% CI)_2,s (Mean),s (95% CI)_1,s (95% CI)_2,b (Mean),b (95% CI)_1,b (95% CI)_2,p (Mean),p (95% CI)_1,p (95% CI)_2,"R, t = 1","R, t = 3","R, t = 6",Linear Model: Log-Likelihood,Linear Model: AIC,Linear Model: BIC,Linear Model: Intercept,Linear Model: Ordinary R^2,Linear Model: Adjusted R^2
fit_s,None,No,linr,0.123883025757063,0.123883025757063,0.123883025757063,0.718605022578656,0.718605022578656,0.718605022578656,1.67614029458431,1.67614029458431,1.67614029458431,0.451225742505569,0.451225742505569,0.451225742505569,0,0,0,0,0,0,0.317286857565605,0.48685647902765,0.546398714186021,-65.6777290882606,141.355458176521,157.150734672594,-0.0177575412401601,0.327998341513975,0.324091355127428
ret,None,No,linr,0.125243401489163,0.125243401489163,0.125243401489163,0.614456669718567,0.614456669718567,0.614456669718567,0.505304800424453,0.505304800424453,0.505304800424453,1,1,1,0,0,0,0,0,0,0.292264457983425,0.419821313937217,0.435918145131974,-77.5763814538896,163.152762907779,175.788984104637,0.0498266592670863,0.22950980617566,0.225030212025518
ant,None,No,linr,0.160776901479793,0.160776901479793,0.160776901479793,0.600943350403232,0.600943350403232,0.600943350403232,0.982762189046388,0.982762189046388,0.982762189046388,0,0,0,0,0,0,0,0,0,0.335580577524743,0.429415485699182,0.375896710613599,-83.1452770208876,174.290554041775,186.926775238633,0.0610061572122656,0.178577805470919,0.17380209503761
nd,None,No,linr,0.120504181858717,0.120504181858717,0.120504181858717,0.719044510084529,0.719044510084529,0.719044510084529,1.60768959471386,1.60768959471386,1.60768959471386,0.5,0.5,0.5,0,0,0,0,0,0,0.31202032160028,0.480731757576999,0.542125282892814,-66.0807075741724,140.161415148345,152.797636345203,-0.0159481930492865,0.324878452437376,0.320953327160849
