Row,Gene 1,Uses PCA,Cost Function,gamma (Mean),gamma (95% CI)_1,gamma (95% CI)_2,alpha (Mean),alpha (95% CI)_1,alpha (95% CI)_2,beta (Mean),beta (95% CI)_1,beta (95% CI)_2,s (Mean),s (95% CI)_1,s (95% CI)_2,b (Mean),b (95% CI)_1,b (95% CI)_2,p (Mean),p (95% CI)_1,p (95% CI)_2,"R, t = 4","R, t = 8","R, t = 12",Linear Model: Log-Likelihood,Linear Model: AIC,Linear Model: BIC,Linear Model: Intercept,Linear Model: Ordinary R^2,Linear Model: Adjusted R^2
fit_s,None,No,linr,0.141156087118077,0.141156087118077,0.141156087118077,0.297072283518711,0.297072283518711,0.297072283518711,2.85290925299016,2.85290925299016,2.85290925299016,0.509688019508276,0.509688019508276,0.509688019508276,0,0,0,0,0,0,0.751336216485622,0.437751124329857,0.680219612369353,247.353964388911,-484.707928777823,-470.293919164891,0.0137333327578174,0.482326904437643,0.478344803702548
ret,None,No,linr,0.116002125118397,0.116002125118397,0.116002125118397,0.231457244273663,0.231457244273663,0.231457244273663,0.713200331650948,0.713200331650948,0.713200331650948,1,1,1,0,0,0,0,0,0,0.777172864446286,0.400429835333859,0.554104676206869,229.998193260648,-451.996386521296,-440.465178830951,0.0277370222505355,0.326619746573038,0.321439898469754
ant,None,No,linr,0.128198260587652,0.128198260587652,0.128198260587652,0.263691480880381,0.263691480880381,0.263691480880381,5.51271856556229,5.51271856556229,5.51271856556229,0,0,0,0,0,0,0,0,0,0.694831601638627,0.319679221995671,0.317644727933217,214.639574498769,-421.279148997537,-409.747941307192,0.032483209410084,0.150186828165338,0.14364980376661
nd,None,No,linr,0.141273657059913,0.141273657059913,0.141273657059913,0.297547451923953,0.297547451923953,0.297547451923953,2.88881022824017,2.88881022824017,2.88881022824017,0.5,0.5,0.5,0,0,0,0,0,0,0.751214560169233,0.439256678969962,0.679621713524,247.331008279229,-486.662016558458,-475.130808868113,0.0137180749676186,0.482146816145146,0.478163330115493
